Workbook

Sheet Sheet1
A1: 广告场景 | B1: 广告场景名称 | C1: 通用广告奖励类型 | D1: 资源类型 | E1: 金币余额 | F1: 绿币余额 | G1: 累计游戏场次 | H1: 通用奖励数量 | I1: 用户数 | J1: 注册用户数 | K1: 占比
A2: ad_video_cashgame_num | B2: =VLOOKUP(A2,Sheet2!A:B,2,FALSE) -> cash game获得幸运数字 | C2: - | D2: 绿币 | E2: 897865.13 | F2: 2.1310526 | G2: 1.5263158 | H2: - | I2: 304 | J2: 12077 | K2: =I2/J2 -> 0.025171814
A3: ad_video_cashgame_num | B3: =VLOOKUP(A3,Sheet2!A:B,2,FALSE) -> cash game获得幸运数字 | C3: - | D3: 金币 | E3: 1056314.3 | F3: 0.71342857 | G3: 0.65714286 | H3: - | I3: 35 | J3: 12077 | K3: =I3/J3 -> 0.0028980707
A4: ad_video_checkin_double | B4: =VLOOKUP(A4,Sheet2!A:B,2,FALSE) -> 7日签到双倍奖励广告 | C4: - | D4: 绿币 | E4: 790197.65 | F4: 1.6607407 | G4: 0 | H4: - | I4: 54 | J4: 12077 | K4: =I4/J4 -> 0.0044713091
A5: ad_video_checkin_double | B5: =VLOOKUP(A5,Sheet2!A:B,2,FALSE) -> 7日签到双倍奖励广告 | C5: - | D5: 金币 | E5: 505857.14 | F5: 0.31571429 | G5: 0 | H5: - | I5: 7 | J5: 12077 | K5: =I5/J5 -> 0.00057961414
A6: ad_video_checkin_remedy | B6: =VLOOKUP(A6,Sheet2!A:B,2,FALSE) -> 7日签到补签广告 | C6: - | D6: 绿币 | E6: 597760.87 | F6: 2.1319565 | G6: 0 | H6: - | I6: 46 | J6: 12077 | K6: =I6/J6 -> 0.0038088929
A7: ad_video_checkin_remedy | B7: =VLOOKUP(A7,Sheet2!A:B,2,FALSE) -> 7日签到补签广告 | C7: - | D7: 金币 | E7: 605000 | F7: 1.3442857 | G7: 0 | H7: - | I7: 7 | J7: 12077 | K7: =I7/J7 -> 0.00057961414
A8: ad_video_details_bingo | B8: =VLOOKUP(A8,Sheet2!A:B,2,FALSE) -> bingo场次详情弹窗中看广告开启比赛 | C8: - | D8: 绿币 | E8: 825408.45 | F8: 1.6742254 | G8: 1.4741784 | H8: - | I8: 213 | J8: 12077 | K8: =I8/J8 -> 0.01763683
A9: ad_video_details_bingo | B9: =VLOOKUP(A9,Sheet2!A:B,2,FALSE) -> bingo场次详情弹窗中看广告开启比赛 | C9: - | D9: 金币 | E9: 956477.78 | F9: 0.21188889 | G9: 0.94444444 | H9: - | I9: 90 | J9: 12077 | K9: =I9/J9 -> 0.0074521818
A10: ad_video_details_powerup | B10: =VLOOKUP(A10,Sheet2!A:B,2,FALSE) -> bingo场次详情弹窗中获取10个道具 | C10: - | D10: 绿币 | E10: 765071.9 | F10: 2.1805825 | G10: 1.4854369 | H10: - | I10: 206 | J10: 12077 | K10: =I10/J10 -> 0.017057216
A11: ad_video_details_powerup | B11: =VLOOKUP(A11,Sheet2!A:B,2,FALSE) -> bingo场次详情弹窗中获取10个道具 | C11: - | D11: 金币 | E11: 1428103.4 | F11: 0.21655172 | G11: 1.2068966 | H11: - | I11: 29 | J11: 12077 | K11: =I11/J11 -> 0.0024012586
A12: ad_video_gift_ad | B12: =VLOOKUP(A12,Sheet2!A:B,2,FALSE) -> 礼物界面领取广告奖励 | C12: - | D12: 绿币 | E12: 836502.78 | F12: 2.7907071 | G12: 1.5151515 | H12: - | I12: 99 | J12: 12077 | K12: =I12/J12 -> 0.0081974
A13: ad_video_gift_ad | B13: =VLOOKUP(A13,Sheet2!A:B,2,FALSE) -> 礼物界面领取广告奖励 | C13: - | D13: 金币 | E13: 564317.29 | F13: 0.59285714 | G13: 0.85714286 | H13: - | I13: 7 | J13: 12077 | K13: =I13/J13 -> 0.00057961414
... A21: ad_video_wild | B21: =VLOOKUP(A21,Sheet2!A:B,2,FALSE) -> bingo额外wild技能广告 | C21: - | D21: 金币 | E21: 593372.09 | F21: 0.15576227 | G21: 1.369509 | H21: - | I21: 387 | J21: 12077 | K21: =I21/J21 -> 0.032044382
A22: ad_video_popup_bonus | B22: =VLOOKUP(A22,Sheet2!A:B,2,FALSE) -> 通用翻倍奖励 | C22: 未说明 | D22: 绿币 | E22: 921209.3 | F22: 1.6544961 | G22: 1.8449612 | H22: 1.4129457 | I22: 129 | J22: 12077 | K22: =I22/J22 -> 0.010681461
A23: ad_video_popup_bonus | B23: =VLOOKUP(A23,Sheet2!A:B,2,FALSE) -> 通用翻倍奖励 | C23: 未说明 | D23: 金币 | E23: 700000 | F23: 0.55777778 | G23: 0.88888889 | H23: 20000 | I23: 9 | J23: 12077 | K23: =I23/J23 -> 0.00074521818
A24: ad_video_popup_bonus | B24: =VLOOKUP(A24,Sheet2!A:B,2,FALSE) -> 通用翻倍奖励 | C24: 任务奖励 | D24: 绿币 | E24: 866887.75 | F24: 1.7793459 | G24: 1.1061047 | H24: 1.5357994 | I24: 688 | J24: 12077 | K24: =I24/J24 -> 0.05696779
A25: ad_video_popup_bonus | B25: =VLOOKUP(A25,Sheet2!A:B,2,FALSE) -> 通用翻倍奖励 | C25: 任务奖励 | D25: 金币 | E25: 938677.42 | F25: 0.71645161 | G25: 0.80645161 | H25: 128387.1 | I25: 31 | J25: 12077 | K25: =I25/J25 -> 0.0025668626
A26: ad_video_popup_bonus | B26: =VLOOKUP(A26,Sheet2!A:B,2,FALSE) -> 通用翻倍奖励 | C26: 标记海星 | D26: 绿币 | E26: 830372.84 | F26: 1.654778 | G26: 2.0138493 | H26: 1.4475601 | I26: 2455 | J26: 12077 | K26: =I26/J26 -> 0.20327896
A27: ad_video_popup_bonus | B27: =VLOOKUP(A27,Sheet2!A:B,2,FALSE) -> 通用翻倍奖励 | C27: 标记海星 | D27: 金币 | E27: 741983.05 | F27: 0.46644068 | G27: 1.9830508 | H27: 37288.136 | I27: 59 | J27: 12077 | K27: =I27/J27 -> 0.0048853192
A28: ad_video_popup_bonus | B28: =VLOOKUP(A28,Sheet2!A:B,2,FALSE) -> 通用翻倍奖励 | C28: 礼物-在线奖励 | D28: 绿币 | E28: 800874.05 | F28: 2.0181545 | G28: 1.3476395 | H28: 1.5977969 | I28: 699 | J28: 12077 | K28: =I28/J28 -> 0.057878612
A29: ad_video_popup_bonus | B29: =VLOOKUP(A29,Sheet2!A:B,2,FALSE) -> 通用翻倍奖励 | C29: 礼物-在线奖励 | D29: 金币 | E29: 734063.49 | F29: 0.56 | G29: 0.61904762 | H29: 56825.397 | I29: 63 | J29: 12077 | K29: =I29/J29 -> 0.0052165273

Sheet Sheet2
A1: ad_video_details_powerup | B1: bingo场次详情弹窗中获取10个道具
A2: ad_video_details_bingo | B2: bingo场次详情弹窗中看广告开启比赛
A3: ad_video_wild | B3: bingo额外wild技能广告
A4: ad_video_checkin_remedy | B4: 7日签到补签广告
A5: ad_video_checkin_double | B5: 7日签到双倍奖励广告
A6: ad_video_login_recovery | B6: 登录奖励恢复连续登录
A7: ad_video_gift_ad | B7: 礼物界面领取广告奖励
A8: ad_video_cashgame_num | B8: cash game获得幸运数字
A9: ad_video_popup_powerup | B9: bingo场次中广告获取道具的弹窗
A10: ad_video_popup_bonus | B10: 通用翻倍奖励
A11: ad_video_starfish | B11: 看广告开启活动场次-海星之旅
A12: ad_video_coin_tree | B12: 看广告开启活动场次-大魔豆
... A19: ad_insert_withdraw | B19: 人工审核提现信息提交成功以后
